{
    "updates": [
        {"date": "2014-10-5", "type" : "deadline", "text": "Register for happy hour ASAP"},
        {"date": "2014-10-2", "type" : "deadline", "text": "This is an <a href='#'>update</a>."},
        {"date": "2014-10-1", "type" : "deadline", "text": "Long update Long update Long update Long update Long update Long update Long update Long update Long update Long update Long updateLong update Long update"},
        {"date": "2014-10-2", "type" : "deadline", "text": "Woot"},
        {"date": "2014-10-2", "type" : "update", "text": "Free beer"},
        {"date": "2014-10-2", "type" : "update", "text": "This is an <a href='#'>update</a>."},
        {"date": "2014-10-2", "type" : "update", "text": "Long update Long update Long update Long update Long update Long update Long update Long update Long update Long update Long updateLong update Long update"},
        {"date": "2014-10-2", "type" : "update", "text": "Woot"},
        {"date": "2014-10-2", "type" : "update", "text": "this is another update."},
        {"date": "2014-10-2", "type" : "update", "text": "Woot"},
        {"date": "2014-10-2", "type" : "update", "text": "this is another update."},
        {"date": "2014-10-2", "type" : "update", "text": "Woot"},
        {"date": "2014-10-2", "type" : "update", "text": "this is another update."},
        {"date": "2014-10-2", "type" : "update", "text": "Woot"},
        {"date": "2014-10-2", "type" : "update", "text": "this is another update."},
        {"date": "2014-10-2", "type" : "update", "text": "Woot"}
    ]
}