{
    "updates": [
        {"date": "2014-10-5", "type" : "deadline", "text": "Welcome to UIST 2014!"},
        {"date": "2014-10-7", "type" : "deadline", "text": "UIST 2015 will be held in Charlotte, NC! <a href='www.acm.org/uist/uist2015'>Charlotte, NC!</a>."},
        {"date": "2014-10-1", "type" : "deadline", "text": "Long update Long update Long update Long update Long update Long update Long update Long update Long update Long update Long updateLong update Long update"},
        {"date": "2014-10-2", "type" : "update", "text": "This is an <a href='#'>update</a>."},
        {"date": "2014-10-2", "type" : "update", "text": "this is another update."},
        {"date": "2014-10-2", "type" : "update", "text": "this is another update."}
    ]
}